original,variant
1546123,1546124
1861630,1861629
4280258,4280259
4376659,4376658
5043012,5043010
5043012,5043011
6150044,6150045
6368038,6368039
7852510,7852509
10000000,10000001
10000000,10000002
10000010,10000011
10000010,10000012
10000020,10000021
10000020,10000022
10443957,10443958
10802916,10802915
11050416,11050417
11050416,11050418
11050416,11050419
14558127,14558128
14878872,14878871
14898067,14898066
15259703,15259704
15341822,15341823
16178683,16178681
16178683,16178682
16195942,16195943
18144507,18144506
18807109,18807108
19230408,19230407
20366275,20366274
20721928,20721929
21844576,21844577
23401840,23401839
23995346,23995347
23995346,23995348
24094653,27847700
24433920,24433921
27911549,27911550
29843092,14470846
29843092,14470847
29843092,29843093
29843092,29843094
31122090,31122091
31764354,31764353
31833039,31833038
31887906,31887905
32003338,32003339
32012841,32012842
32448765,32448766
35686188,35686187
36354008,36354007
37390589,37390590
38033121,38033122
38033121,38033123
38033121,38033124
38033121,38033125
38033121,38033126
38342335,38342336
39751094,39751093
40044919,40044918
40542826,40542825
40640057,40640058
40640057,40640059
41209827,41209828
41356845,41356846
41462083,41462084
41463182,41463181
42035044,42035045
43892409,43892408
44508095,44508094
45231177,45231178
46173680,46173681
46986421,36996508
46986421,46986414
46986421,46986415
46986421,46986416
46986421,46986417
46986421,46986418
46986421,46986419
46986421,46986420
47852924,47852925
49791927,49791928
52038442,52038441
55878038,55878039
56043447,56043446
56993277,56993276
57116033,57116034
57728570,57728571
58932615,58932616
59438931,59438930
60643553,60643554
60764582,60764583
61307542,61307543
62015408,62015409
63288573,63288574
64335805,64335804
65741787,65741786
68540059,68540058
68881650,68881649
69140098,69140099
70095154,70095155
70781052,70781053
70781052,70781054
70781052,70781055
73134082,73134081
73580471,73580472
73642296,73642297
73915052,73915053
73915052,73915054
73915052,73915055
74677427,74677422
74677427,74677423
74677427,74677424
74677427,74677425
74677427,74677426
77585513,77585514
77754944,77754945
78193831,78193832
78437364,78437365
78661339,78661338
80193355,80193356
80604092,80604091
81172176,81172177
81439173,81439174
81480460,81480461
82044280,82044279
83011278,83011277
83555666,83555667
83764719,83764718
83965311,83965310
84013238,84013237
84080939,84080938
84257640,84257639
85289966,85289965
86120752,86120751
87322377,87322378
88264978,88264979
89631139,89631140
89631139,89631141
89631139,89631142
89631139,89631143
89631139,89631144
89631139,89631145
89631139,89631146
89943724,89943723
90330453,90330454
90590303,90590304
90740329,90740330
91152256,91152257
91152256,91152258
91998119,91998120
91998119,91998121
94145022,94145021
94977270,94977269
95440946,95440947
97590747,97590748
98502113,98502114
98502113,98502115
99267150,99267151
